location,location_type,area_m2,area_unit,frontage_exists,frontage_m,street_type,street_width_m,is_organized,type,has_water,has_electricity,has_swer,political_zone,date_of_sale,price_JOD,distance_from_center,distance_from_center_unit,distance_from_center_unknown,proximity_main_road_distance,proximity_main_road_unit,proximity_main_road_unknown,proximity_services_mosque,proximity_services_mosque_near_far,proximity_services_school,proximity_services_school_type,proximity_services_school_near_far,proximity_services_hospital,proximity_services_hospital_type,proximity_services_hospital_near_far,proximity_to_sea,terrain,earth_direction,ownership_registry,type_of_land,shape_of_land,number_of_facades,soil_type
Tulkarm,city,0.1962,hectare,لا,,,,True,سكن ب,False,True,False,B,2023-08-25,10137.72,19.702,km,False,38.23,m,False,False,,True,public,far,True,clinic,near,none,سهل,شمال,طابو,ملك,مربعة,2,طيني
Nablus,city,0.0284,hectare,لا,,,,True,سكن ب,True,False,False,A,2023-04-13,73583.79,11.821,km,False,38.57,min,False,False,,True,public,far,True,clinic,far,far,جبل,غرب,طابو,ملك,مستطيلة,4,طيني
Ramallah,city,0.2995,feddan,لا أعلم,,,,False,,True,True,False,A,2025-05-10,24341.78,15.62,km,False,25.8,min,False,False,,True,public,near,True,clinic,far,none,سهل,جنوب,طابو,اميرية,شبه مستطيلة,0,رملي
Hebron,city,1021.0,sqm,لا,,,,True,سكن أ,False,True,False,B,2022-07-27,48932.36,15.981,m,False,,,True,False,,True,private,near,True,clinic,near,none,سهل,شرق,طابو,اميرية,شبه مستطيلة,4,صخري
Ain_Yabrud,village,0.4788,hectare,لا أعلم,,,,False,,True,True,True,B,2025-06-27,60227.55,4.448,km,False,,,True,True,near,True,public,far,False,,,none,منحدر,شرق,مالية,ملك,مربعة,3,رملي
As_Samu,village,0.1652,feddan,لا,,,,True,منطقة صناعية,False,False,True,C,2021-10-19,72379.69,17.47,km,False,,,True,False,,True,private,far,True,clinic,near,none,جبل,شمال,تسجيل جديد,اميرية,شبه مستطيلة,2,صخري
Bethlehem,city,0.5329,feddan,نعم,21,ترابي,10,True,سكن ب,True,False,True,A,2023-10-24,15502.88,,,True,46.41,km,False,True,far,True,private,far,True,hospital,near,far,جبل,غرب,طابو,اميرية,موارس,4,طمي
Deir_Al_Ghusun,village,2.645,donum,نعم,15,ترابي,8,True,منطقة صناعية,True,True,False,A,2025-06-09,19949.82,21.144,m,False,,,True,False,,False,,,False,,,far,سهل,غرب,مالية,ملك,شبه مربعة,1,رملي
Ain_Yabrud,village,2.997,donum,نعم,28,زفتة فرعي,3,False,,False,True,False,B,2022-08-27,99901.38,0.139,km,False,,,True,True,near,False,,,False,,,far,سهل,شمال,تسجيل جديد,اميرية,شبه مربعة,3,صخري
Jericho,city,1371.0,sqm,نعم,3,زفتة فرعي,5,False,,False,True,True,B,2020-12-29,52927.63,13.543,km,False,,,True,False,,True,public,near,True,hospital,near,far,منحدر,شرق,مالية,اميرية,مستطيلة,1,صخري
Kafr_Qasem,village,4001.0,sqm,لا,,,,False,,False,True,False,A,2024-07-05,6174.43,5.297,km,False,43.62,m,False,False,,False,,,True,clinic,far,far,جبل,جنوب,طابو,ملك,موارس,0,رملي
Tulkarm,city,0.0724,hectare,لا,,,,True,سكن ج,True,True,False,B,2023-04-08,53425.02,22.636,m,False,11.93,m,False,False,,True,private,far,False,,,far,جبل,جنوب,طابو,ملك,شبه مربعة,0,صخري
As_Samu,village,4295.0,sqm,لا,,,,False,,False,True,False,B,2020-10-13,54823.68,26.11,km,False,27.65,m,False,True,near,True,private,near,True,clinic,far,far,سهل,جنوب,تسجيل جديد,اميرية,موارس,2,طيني
Kafr_Qasem,village,0.802,donum,لا أعلم,,,,False,,False,False,False,A,2023-10-30,54181.3,19.363,m,False,49.68,m,False,True,near,True,public,far,False,,,none,منحدر,شرق,تسجيل جديد,ملك,شكل غير منتظم,3,طيني
Qalqilya,city,0.3255,feddan,لا,,,,True,سكن ج,True,True,True,B,2022-04-12,20869.06,,,True,37.71,m,False,False,,False,,,False,,,far,سهل,شمال,تسجيل جديد,ملك,مربعة,3,صخري
Deir_Al_Ghusun,village,1.948,donum,لا أعلم,,,,False,,True,True,False,B,2024-06-25,35920.92,12.33,m,False,26.25,min,False,True,near,True,public,near,True,hospital,near,none,جبل,جنوب,تسجيل جديد,اميرية,مربعة,3,صخري
Kafr_Qasem,village,0.351,feddan,نعم,8,زفتة فرعي,6,False,,True,True,False,B,2025-09-01,96600.72,15.046,km,False,48.05,m,False,False,,True,private,far,True,hospital,near,far,سهل,شمال,مالية,ملك,مربعة,3,طمي
Nablus,city,0.7562,feddan,نعم,4,زفتة رئيسي,12,True,مكاتب,True,False,True,A,2024-11-19,79836.22,18.17,km,False,0,m,False,True,far,True,private,far,False,,,none,منحدر,غرب,تسجيل جديد,اميرية,شبه مستطيلة,4,صخري
As_Samu,village,0.5788,feddan,لا,,,,False,,False,True,False,B,2022-03-03,61044.67,,,True,,,True,False,,False,,,True,hospital,far,far,سهل,جنوب,طابو,اميرية,شكل غير منتظم,1,صخري
Hebron,city,0.1194,hectare,لا,,,,False,,True,True,False,C,2022-12-29,87748.72,21.295,m,False,37.19,km,False,False,,False,,,True,clinic,far,far,منحدر,شرق,طابو,ملك,مربعة,3,طمي
Nablus,city,0.8024,feddan,لا أعلم,,,,False,,False,False,False,B,2025-09-12,12446.92,14.07,km,False,,,True,True,far,True,public,near,False,,,far,منحدر,شرق,تسجيل جديد,ملك,موارس,3,رملي
Jericho,city,1.1369,feddan,نعم,23,زفتة رئيسي,5,True,مركز تجاري ب,False,False,False,A,2023-07-20,70309.89,22.501,m,False,0,m,False,True,far,False,,,False,,,far,سهل,شمال,مالية,ملك,مستطيلة,4,صخري
Anabta,village,0.1711,hectare,لا أعلم,,,,False,,False,False,True,C,2020-09-08,19742.97,19.245,km,False,13.54,km,False,True,near,False,,,False,,,far,منحدر,جنوب,طابو,ملك,موارس,0,طيني
Jenin,city,2101.0,sqm,لا,,,,False,,False,True,True,B,2021-12-15,8183.69,9.093,m,False,40.89,km,False,True,near,True,public,near,True,hospital,near,none,سهل,شرق,مالية,ملك,شكل غير منتظم,0,طيني
Salfit,city,1.0895,feddan,لا,,,,False,,False,True,False,C,2025-01-03,49103.12,,,True,,,True,False,,True,private,near,True,clinic,far,far,منحدر,غرب,طابو,ملك,شبه مربعة,1,طيني
Tulkarm,city,3579.0,sqm,نعم,6,زفتة فرعي,11,False,,True,False,False,C,2021-08-23,38293.51,,,True,25.61,min,False,False,,True,public,far,False,,,none,سهل,شمال,طابو,ملك,موارس,1,صخري
Ramallah,city,1777.0,sqm,لا,,,,False,,False,True,True,A,2021-11-11,73058.01,21.128,km,False,1.87,m,False,False,,False,,,True,clinic,far,far,منحدر,شمال,تسجيل جديد,ملك,موارس,2,رملي
Kafr_Qasem,village,487.0,sqm,لا أعلم,,,,False,,True,False,False,C,2022-11-16,67264.93,7.917,km,False,30.45,km,False,True,near,True,public,near,True,hospital,near,far,جبل,شرق,مالية,اميرية,مستطيلة,3,طيني
Salfit,city,0.2551,hectare,لا,,,,True,مركز تجاري ب,True,True,False,C,2024-05-17,10252.64,21.385,km,False,46.68,km,False,True,far,True,public,near,False,,,none,منحدر,شرق,تسجيل جديد,ملك,مربعة,4,رملي
Ain_Yabrud,village,0.3498,hectare,لا,,,,False,,False,True,False,A,2024-01-01,8462.05,3.693,m,False,47.79,m,False,True,near,True,public,near,True,hospital,far,far,منحدر,غرب,طابو,ملك,شبه مربعة,4,رملي
Beitunia,village,3516.0,sqm,نعم,25,زفتة رئيسي,12,True,سكن ب,True,True,False,C,2023-07-06,71890.75,5.409,km,False,0,m,False,True,far,True,private,far,True,hospital,far,none,جبل,جنوب,طابو,ملك,موارس,0,رملي
Ramallah,city,3439.0,sqm,لا أعلم,,,,True,سكن ب,True,True,True,B,2024-07-23,53151.35,10.743,km,False,,,True,True,far,False,,,True,hospital,near,far,جبل,شرق,تسجيل جديد,ملك,شبه مربعة,2,طيني
Qalqilya,city,0.7983,feddan,لا أعلم,,,,False,,False,False,False,B,2021-11-19,54896.84,,,True,,,True,True,far,False,,,True,hospital,far,none,جبل,جنوب,مالية,ملك,مربعة,3,رملي
Deir_Al_Ghusun,village,1983.0,sqm,لا,,,,True,سكن ج,True,False,True,C,2021-05-10,78481.11,,,True,49.95,m,False,False,,True,private,far,False,,,none,جبل,شرق,مالية,اميرية,شبه مربعة,1,صخري
As_Samu,village,0.9355,feddan,لا,,,,True,تجاري هامشي,False,False,False,A,2022-06-21,91073.63,27.582,m,False,10.08,km,False,True,far,False,,,False,,,none,سهل,جنوب,مالية,ملك,شبه مستطيلة,4,صخري
Al-Bireh,city,0.0195,hectare,نعم,9,زفتة فرعي,9,False,,True,False,False,B,2020-11-09,91514.79,,,True,,,True,False,,True,public,near,True,clinic,far,none,سهل,غرب,مالية,اميرية,مربعة,3,طيني
Qalqilya,city,1.1062,feddan,لا أعلم,,,,False,,False,False,False,C,2024-10-28,52765.34,28.568,m,False,,,True,False,,False,,,True,hospital,far,none,سهل,غرب,مالية,ملك,مستطيلة,3,رملي
Qalqilya,city,3.78,donum,نعم,7,ترابي,10,False,,False,False,False,C,2021-10-06,55692.48,27.641,km,False,,,True,False,,False,,,True,clinic,far,far,منحدر,غرب,تسجيل جديد,اميرية,شبه مربعة,4,رملي
Salfit_Village,village,4806.0,sqm,لا أعلم,,,,False,,True,False,False,B,2025-03-24,98042.72,10.811,m,False,,,True,False,,True,public,far,False,,,far,سهل,غرب,مالية,ملك,موارس,2,طمي
Salfit_Village,village,0.9824,feddan,لا,,,,True,سكن ب,True,False,True,A,2024-02-02,31398.21,8.671,m,False,,,True,True,far,False,,,False,,,none,جبل,غرب,تسجيل جديد,اميرية,شبه مربعة,1,رملي
Hebron,city,739.0,sqm,نعم,14,زفتة رئيسي,7,True,سكن ب,True,True,True,C,2022-10-16,3496.34,17.051,km,False,0,m,False,False,,True,public,far,False,,,far,سهل,شمال,مالية,ملك,شبه مستطيلة,2,رملي
Kafr_Qasem,village,0.2578,hectare,لا,,,,False,,False,False,False,B,2022-01-19,16884.87,,,True,,,True,False,,False,,,True,hospital,near,far,جبل,جنوب,طابو,اميرية,مربعة,4,صخري
Qalqilya,city,0.0852,feddan,لا أعلم,,,,True,منطقة صناعية,True,True,False,A,2021-12-10,18409.44,,,True,,,True,False,,False,,,False,,,far,منحدر,غرب,طابو,ملك,شبه مربعة,0,رملي
Ain_Yabrud,village,3862.0,sqm,لا,,,,False,,True,False,False,C,2022-05-07,81138.64,0.426,m,False,31.36,min,False,True,near,True,public,near,False,,,far,سهل,جنوب,تسجيل جديد,اميرية,شبه مستطيلة,0,صخري
Beitunia,village,0.0182,hectare,نعم,26,ترابي,8,True,سكن أ,True,True,True,A,2023-09-18,59004.56,6.371,m,False,47.37,m,False,False,,True,public,far,True,hospital,far,none,جبل,جنوب,مالية,اميرية,مستطيلة,2,صخري
Beitunia,village,0.0276,feddan,لا أعلم,,,,False,,False,False,True,C,2021-09-23,72350.46,22.391,m,False,2.45,km,False,False,,True,public,far,True,clinic,near,far,منحدر,جنوب,طابو,ملك,شبه مربعة,2,رملي
Hebron,city,0.2301,hectare,لا,,,,False,,True,True,False,B,2024-02-02,94354.31,16.708,m,False,,,True,True,near,True,private,near,True,clinic,far,far,جبل,شمال,مالية,اميرية,شبه مربعة,0,رملي
Qalqilya,city,0.3083,feddan,لا أعلم,,,,True,سكن أ,False,False,True,B,2022-04-02,50891.04,9.349,m,False,30.11,min,False,False,,True,public,near,False,,,far,سهل,غرب,مالية,ملك,شبه مستطيلة,2,طيني
Qalqilya,city,0.1317,feddan,نعم,29,زفتة فرعي,6,True,منطقة صناعية,False,False,True,C,2022-11-25,35838.29,,,True,7.42,km,False,True,far,False,,,True,hospital,far,none,جبل,غرب,تسجيل جديد,ملك,شكل غير منتظم,3,صخري
Jericho,city,1.0476,feddan,نعم,22,زفتة رئيسي,8,True,تجاري هامشي,False,False,False,B,2025-01-23,89317.26,,,True,0,m,False,False,,True,private,far,True,hospital,far,far,منحدر,غرب,طابو,اميرية,شبه مربعة,3,رملي
Salfit,city,0.363,donum,لا,,,,False,,True,False,True,A,2023-03-17,44766.94,,,True,,,True,True,far,True,private,near,False,,,far,سهل,شرق,تسجيل جديد,ملك,مربعة,1,طيني
Ain_Yabrud,village,490.0,sqm,لا أعلم,,,,False,,False,True,False,C,2025-06-18,15511.86,4.059,km,False,,,True,True,far,False,,,True,clinic,far,none,منحدر,شمال,تسجيل جديد,اميرية,مستطيلة,2,صخري
Beit_Ummar,village,0.5474,feddan,نعم,5,ترابي,12,False,,False,False,False,C,2025-09-09,79386.18,11.503,m,False,,,True,True,near,True,private,near,False,,,none,سهل,جنوب,طابو,ملك,مستطيلة,1,طمي
Nablus,city,4256.0,sqm,لا أعلم,,,,False,,False,True,True,B,2021-01-28,2801.45,18.86,m,False,,,True,False,,True,private,near,False,,,none,سهل,جنوب,تسجيل جديد,اميرية,شبه مستطيلة,3,رملي
Deir_Al_Ghusun,village,0.1179,hectare,نعم,23,زفتة فرعي,12,True,تجاري هامشي,True,False,True,B,2024-02-14,9629.63,7.834,m,False,15.77,km,False,True,far,True,public,far,False,,,far,منحدر,غرب,مالية,اميرية,مربعة,1,صخري
Qalqilya,city,0.0921,hectare,لا,,,,True,سكن أ,False,False,True,C,2021-06-17,16687.82,14.899,km,False,39.06,m,False,True,near,False,,,False,,,none,سهل,شرق,تسجيل جديد,اميرية,شبه مستطيلة,2,طمي
Deir_Al_Ghusun,village,2.256,donum,لا أعلم,,,,True,مكاتب,True,False,True,C,2021-08-10,60087.47,19.293,m,False,26.69,m,False,True,far,True,private,far,False,,,none,سهل,غرب,طابو,اميرية,شكل غير منتظم,1,طمي
Beit_Sahour,village,563.0,sqm,لا,,,,True,مركز تجاري ب,False,True,False,A,2024-07-26,12894.51,18.306,km,False,28.37,m,False,True,near,True,public,near,True,hospital,near,far,جبل,شمال,طابو,اميرية,مستطيلة,3,صخري
Anabta,village,0.1514,feddan,نعم,28,زفتة رئيسي,9,False,,False,True,False,A,2024-07-26,7248.07,0.991,km,False,0,m,False,True,far,False,,,True,hospital,far,far,منحدر,جنوب,مالية,اميرية,شكل غير منتظم,0,طمي
Qalqilya,city,999.0,sqm,لا,,,,False,,False,False,False,A,2021-10-15,66564.59,6.346,km,False,28.2,km,False,True,near,False,,,False,,,far,منحدر,غرب,طابو,ملك,شكل غير منتظم,1,طيني
Salfit_Village,village,0.0917,hectare,لا,,,,True,تجاري هامشي,True,True,False,C,2021-07-07,65725.66,9.336,m,False,,,True,False,,True,public,near,False,,,far,منحدر,شمال,مالية,ملك,شبه مربعة,2,صخري
Beit_Sahour,village,0.3325,hectare,لا,,,,True,سكن ج,True,False,True,B,2025-02-18,48472.44,10.702,m,False,,,True,False,,True,public,far,True,clinic,far,none,منحدر,جنوب,تسجيل جديد,ملك,شكل غير منتظم,0,طمي
Beit_Sahour,village,0.439,feddan,نعم,24,زفتة فرعي,12,False,,False,True,False,B,2022-08-12,79003.27,4.9,km,False,,,True,True,far,False,,,True,clinic,near,far,سهل,شمال,مالية,ملك,مربعة,3,رملي
Hebron,city,2.179,donum,لا أعلم,,,,False,,False,False,True,B,2022-02-24,11825.36,15.866,m,False,47.46,min,False,True,far,True,private,near,True,hospital,far,none,جبل,غرب,تسجيل جديد,اميرية,شبه مربعة,1,طمي
As_Samu,village,0.8064,feddan,لا,,,,False,,True,True,False,B,2024-07-21,27848.19,4.738,km,False,49.14,min,False,False,,True,private,near,False,,,far,منحدر,شمال,تسجيل جديد,ملك,موارس,3,طيني
Jenin,city,4.269,donum,لا أعلم,,,,False,,True,False,False,B,2023-01-24,67226.46,0.857,m,False,22.1,min,False,True,near,True,public,far,False,,,none,سهل,جنوب,مالية,اميرية,موارس,2,طيني
Jericho,city,0.4765,hectare,لا أعلم,,,,False,,True,False,True,C,2022-02-11,71764.29,13.405,km,False,25.91,min,False,False,,True,public,far,True,clinic,near,far,سهل,جنوب,مالية,ملك,مستطيلة,2,صخري
Jenin,city,0.0638,hectare,نعم,24,زفتة فرعي,12,True,منطقة صناعية,False,False,True,C,2022-09-23,46824.75,1.605,km,False,36.39,m,False,True,far,True,private,near,True,clinic,near,far,جبل,غرب,تسجيل جديد,ملك,مستطيلة,3,طمي
Ramallah,city,2685.0,sqm,نعم,21,زفتة فرعي,6,True,سكن أ,True,True,True,A,2024-03-19,81492.66,,,True,41.08,m,False,False,,True,public,near,True,hospital,far,far,منحدر,جنوب,طابو,ملك,مستطيلة,0,طمي
Hebron,city,2523.0,sqm,لا أعلم,,,,True,سكن ب,False,False,False,C,2021-05-14,91967.16,2.604,m,False,,,True,False,,True,private,near,True,hospital,near,none,منحدر,شرق,تسجيل جديد,ملك,مستطيلة,3,رملي
Jenin,city,0.5131,feddan,نعم,21,ترابي,7,True,مركز تجاري ب,False,True,True,C,2021-05-27,40835.84,,,True,,,True,True,far,False,,,False,,,far,منحدر,شرق,طابو,ملك,شكل غير منتظم,3,صخري
Tulkarm,city,0.2888,hectare,نعم,3,زفتة رئيسي,3,True,سكن ب,True,False,False,C,2021-12-03,16567.24,27.425,km,False,0,m,False,False,,True,public,far,False,,,far,منحدر,شرق,مالية,اميرية,مستطيلة,0,طيني
Jenin,city,2485.0,sqm,لا,,,,True,تجاري هامشي,False,True,True,A,2022-03-02,33453.47,25.464,km,False,,,True,False,,False,,,False,,,none,سهل,شرق,مالية,ملك,مستطيلة,2,صخري
Salfit,city,3342.0,sqm,لا,,,,True,سكن أ,True,True,True,C,2021-07-06,94208.54,,,True,,,True,True,far,True,public,far,True,clinic,far,far,جبل,جنوب,طابو,ملك,شبه مربعة,0,طمي
Salfit,city,0.4069,hectare,لا أعلم,,,,True,مركز تجاري ب,False,False,True,A,2022-04-24,87703.67,11.036,km,False,,,True,True,far,False,,,False,,,none,جبل,جنوب,مالية,اميرية,شبه مربعة,3,طمي
Beit_Sahour,village,0.3484,hectare,نعم,25,زفتة فرعي,5,False,,True,True,True,C,2024-04-25,69254.17,21.443,m,False,21.09,m,False,False,,False,,,True,clinic,far,far,منحدر,شرق,مالية,اميرية,شبه مربعة,3,رملي
Jenin,city,0.525,donum,لا أعلم,,,,True,سكن أ,True,False,False,C,2022-05-01,89304.7,19.279,m,False,7.88,km,False,True,near,False,,,True,hospital,far,far,جبل,شرق,طابو,ملك,مربعة,1,صخري
Salfit,city,1.182,donum,نعم,9,زفتة فرعي,6,False,,False,True,True,B,2023-05-10,90900.32,,,True,41.14,km,False,False,,True,public,near,False,,,none,سهل,شمال,طابو,اميرية,موارس,4,صخري
Salfit_Village,village,3.884,donum,لا,,,,False,,True,True,True,A,2024-06-01,33242.3,21.881,m,False,13.1,min,False,False,,False,,,False,,,none,جبل,شمال,تسجيل جديد,اميرية,مربعة,2,طيني
Ain_Yabrud,village,661.0,sqm,نعم,6,ترابي,11,True,تجاري هامشي,False,True,False,B,2024-08-22,23684.25,,,True,,,True,True,near,True,private,near,False,,,none,منحدر,شمال,تسجيل جديد,اميرية,شبه مربعة,4,طمي
Hebron,city,0.39,hectare,لا,,,,True,سكن ج,False,False,False,C,2020-09-11,53073.96,,,True,45.86,min,False,False,,True,private,far,False,,,far,جبل,شمال,طابو,ملك,مربعة,1,طمي
Jenin,city,1.1464,feddan,لا أعلم,,,,True,منطقة صناعية,False,False,True,C,2023-04-16,28731.66,,,True,16.72,km,False,True,near,True,public,far,True,clinic,near,far,سهل,شرق,طابو,ملك,مستطيلة,1,رملي
Al-Bireh,city,0.2359,hectare,لا,,,,True,سكن ب,True,True,False,A,2022-06-17,86374.24,,,True,47.62,km,False,False,,True,public,far,True,hospital,near,none,منحدر,جنوب,تسجيل جديد,ملك,مربعة,0,طيني
Nablus,city,0.685,feddan,لا أعلم,,,,True,منطقة صناعية,False,False,True,C,2023-07-05,83761.28,20.9,km,False,20.05,km,False,True,far,True,private,near,False,,,far,منحدر,شمال,تسجيل جديد,اميرية,مربعة,1,طيني
Beitunia,village,0.995,feddan,لا أعلم,,,,False,,False,True,True,B,2023-02-09,68577.08,15.509,m,False,35.42,km,False,True,far,True,public,near,True,clinic,near,none,منحدر,شرق,تسجيل جديد,ملك,شكل غير منتظم,3,صخري
Jenin,city,0.2607,hectare,لا,,,,True,سكن أ,True,True,True,A,2022-04-14,56192.2,25.323,m,False,23.97,m,False,True,far,False,,,False,,,none,جبل,غرب,تسجيل جديد,ملك,شكل غير منتظم,0,طيني
Al-Bireh,city,0.1851,hectare,لا,,,,True,منطقة صناعية,False,False,False,B,2025-05-03,13685.08,17.822,km,False,9.5,m,False,False,,True,private,far,True,clinic,far,none,سهل,جنوب,تسجيل جديد,اميرية,شكل غير منتظم,3,طمي
Anabta,village,3180.0,sqm,لا,,,,True,سكن ج,False,True,False,C,2025-09-04,81934.41,22.975,km,False,24.2,m,False,False,,False,,,True,clinic,far,far,منحدر,شرق,مالية,ملك,مستطيلة,0,صخري
Beit_Ummar,village,4661.0,sqm,لا,,,,True,منطقة صناعية,True,False,True,A,2024-05-04,69767.41,,,True,0.26,km,False,False,,False,,,False,,,far,جبل,جنوب,مالية,اميرية,موارس,3,طمي
Jericho,city,0.0257,feddan,نعم,23,زفتة رئيسي,12,False,,False,True,False,A,2022-06-28,95377.75,,,True,0,m,False,False,,True,private,near,False,,,none,منحدر,جنوب,مالية,ملك,شكل غير منتظم,1,رملي
Al-Bireh,city,3.544,donum,لا,,,,True,مكاتب,False,True,True,A,2021-12-04,66516.75,1.463,m,False,6.61,m,False,True,far,False,,,True,hospital,near,none,جبل,شمال,مالية,ملك,موارس,0,صخري
Kafr_Qasem,village,1.375,donum,لا أعلم,,,,False,,False,False,True,B,2023-11-04,23975.48,,,True,,,True,False,,True,private,far,False,,,none,جبل,شرق,مالية,اميرية,شبه مربعة,3,صخري
Al-Bireh,city,0.6617,feddan,نعم,8,ترابي,3,True,مكاتب,True,True,False,C,2021-05-19,81518.91,22.561,m,False,2.98,m,False,False,,False,,,True,clinic,far,none,جبل,شمال,طابو,اميرية,مربعة,4,رملي
Beit_Ummar,village,0.0966,hectare,نعم,10,زفتة رئيسي,8,True,سكن ب,True,False,False,C,2022-05-16,77448.99,21.957,m,False,0,m,False,True,far,True,private,near,False,,,none,سهل,شمال,تسجيل جديد,ملك,شبه مربعة,4,صخري
Jenin,city,4.177,donum,نعم,28,زفتة رئيسي,5,False,,False,True,False,B,2020-08-18,77396.01,7.048,m,False,0,m,False,False,,False,,,True,hospital,near,none,جبل,شرق,طابو,ملك,مستطيلة,3,طيني
As_Samu,village,3066.0,sqm,لا أعلم,,,,True,سكن ب,True,True,False,B,2022-01-06,98019.36,20.325,m,False,,,True,True,near,False,,,True,clinic,near,far,منحدر,جنوب,مالية,اميرية,شبه مستطيلة,0,طيني
Anabta,village,0.0651,hectare,لا,,,,False,,False,False,True,C,2021-02-05,34954.55,,,True,35.88,km,False,True,near,True,public,near,False,,,none,منحدر,جنوب,طابو,اميرية,شبه مربعة,1,صخري
Beit_Ummar,village,4.74,donum,لا,,,,True,مكاتب,True,False,True,A,2023-03-17,15080.97,,,True,7.23,m,False,False,,False,,,False,,,none,منحدر,جنوب,مالية,ملك,مربعة,4,رملي
Tulkarm,city,0.7783,feddan,لا أعلم,,,,False,,False,False,True,C,2020-08-04,58329.7,23.213,km,False,0.22,min,False,False,,True,public,near,True,hospital,near,far,سهل,جنوب,تسجيل جديد,اميرية,شبه مربعة,4,طيني
Al-Bireh,city,1.242,donum,نعم,12,زفتة رئيسي,4,False,,True,False,False,B,2021-12-06,13280.37,,,True,0,m,False,True,near,False,,,True,clinic,far,far,منحدر,غرب,طابو,اميرية,موارس,3,طمي
Nablus,city,991.0,sqm,لا أعلم,,,,True,منطقة صناعية,False,False,True,A,2022-03-03,47855.09,12.711,m,False,7.71,m,False,False,,True,private,far,True,hospital,near,far,جبل,شمال,مالية,ملك,شبه مستطيلة,1,طيني
Jericho,city,540.0,sqm,لا أعلم,,,,True,منطقة صناعية,False,True,False,C,2024-04-19,98422.5,22.412,m,False,29.86,km,False,False,,True,private,near,False,,,far,سهل,شمال,مالية,ملك,شكل غير منتظم,3,رملي
Bethlehem,city,3014.0,sqm,نعم,5,زفتة رئيسي,6,False,,True,True,True,C,2022-11-19,18728.54,12.171,km,False,0,m,False,False,,False,,,True,clinic,near,far,سهل,جنوب,مالية,اميرية,موارس,0,طمي
Salfit,city,0.9705,feddan,لا,,,,True,منطقة صناعية,True,False,False,C,2022-07-29,24654.5,,,True,,,True,False,,True,private,far,False,,,none,منحدر,جنوب,تسجيل جديد,ملك,مربعة,3,طمي
Kafr_Qasem,village,461.0,sqm,لا,,,,False,,False,False,True,C,2025-02-24,86315.01,22.344,km,False,43.06,m,False,True,near,True,public,near,False,,,far,سهل,شمال,تسجيل جديد,اميرية,شكل غير منتظم,0,طيني
Hebron,city,0.1935,hectare,لا أعلم,,,,True,تجاري هامشي,True,True,False,B,2022-08-11,24445.65,,,True,33.54,m,False,False,,False,,,True,hospital,near,none,سهل,شمال,تسجيل جديد,ملك,مربعة,4,صخري
Jericho,city,0.804,donum,نعم,19,ترابي,12,False,,False,True,False,C,2020-11-17,79396.83,,,True,,,True,False,,True,public,far,True,clinic,near,far,جبل,غرب,مالية,ملك,شبه مربعة,4,طمي
Al-Bireh,city,1870.0,sqm,لا,,,,False,,False,True,False,A,2020-10-21,49438.16,8.516,km,False,29.25,m,False,False,,True,public,near,True,clinic,near,far,سهل,جنوب,طابو,اميرية,شبه مستطيلة,1,طيني
Beit_Sahour,village,3.018,donum,لا,,,,True,منطقة صناعية,False,True,True,A,2020-05-11,53107.83,,,True,21.48,m,False,False,,False,,,False,,,none,جبل,شمال,مالية,اميرية,شكل غير منتظم,1,طمي
Tulkarm,city,3.052,donum,لا أعلم,,,,False,,True,False,False,A,2022-08-05,13737.01,22.471,km,False,18.03,min,False,False,,False,,,False,,,none,منحدر,شرق,طابو,اميرية,شكل غير منتظم,4,صخري
Bethlehem,city,2.086,donum,لا أعلم,,,,True,منطقة صناعية,True,False,False,C,2023-02-28,94592.11,8.894,km,False,12.48,min,False,True,far,False,,,False,,,far,سهل,شمال,مالية,ملك,مستطيلة,1,صخري
Qalqilya,city,427.0,sqm,لا,,,,False,,True,False,False,B,2020-11-17,82364.28,,,True,28.89,m,False,False,,True,public,near,True,clinic,near,far,سهل,غرب,تسجيل جديد,اميرية,شبه مربعة,0,صخري
Tulkarm,city,0.4,hectare,لا أعلم,,,,True,تجاري هامشي,False,True,True,A,2024-05-16,97032.29,,,True,,,True,True,near,False,,,True,hospital,far,none,منحدر,غرب,مالية,ملك,شبه مربعة,2,رملي
Nablus,city,0.8438,feddan,لا أعلم,,,,True,سكن ب,True,True,False,C,2021-02-18,90952.53,2.879,m,False,,,True,True,far,True,private,near,True,clinic,near,far,جبل,جنوب,تسجيل جديد,ملك,موارس,4,صخري
Nablus,city,2785.0,sqm,لا,,,,False,,False,False,True,A,2025-08-01,59298.36,3.623,km,False,,,True,False,,True,public,far,False,,,none,سهل,شمال,طابو,اميرية,شكل غير منتظم,4,رملي
Bethlehem,city,3148.0,sqm,نعم,25,ترابي,3,True,سكن أ,False,False,True,B,2022-12-07,94445.41,20.644,m,False,,,True,False,,True,public,near,False,,,none,منحدر,شرق,طابو,ملك,مربعة,3,طيني
Jenin,city,0.1233,feddan,لا أعلم,,,,False,,False,False,False,A,2023-01-27,3981.62,16.487,m,False,3.21,km,False,True,far,False,,,False,,,none,جبل,شرق,طابو,ملك,شكل غير منتظم,3,طمي
Qalqilya,city,4.624,donum,نعم,23,زفتة فرعي,3,False,,False,False,True,A,2022-08-30,63013.62,0.379,km,False,0.54,min,False,True,near,True,public,near,True,hospital,near,far,جبل,غرب,طابو,ملك,شبه مربعة,3,طيني
Salfit,city,802.0,sqm,نعم,25,زفتة فرعي,8,False,,False,True,True,C,2021-01-21,92728.76,12.753,km,False,3.75,km,False,False,,False,,,False,,,far,جبل,جنوب,تسجيل جديد,اميرية,شبه مستطيلة,4,طمي
Ain_Yabrud,village,0.21,donum,لا,,,,True,تجاري هامشي,True,True,True,B,2020-07-21,96498.1,12.359,km,False,2.82,min,False,True,near,False,,,False,,,none,منحدر,شمال,تسجيل جديد,اميرية,شكل غير منتظم,0,رملي
Bethlehem,city,4645.0,sqm,نعم,20,زفتة فرعي,10,True,سكن ب,False,True,False,A,2022-05-10,81306.72,2.571,m,False,11.21,min,False,True,near,True,public,far,False,,,far,جبل,غرب,تسجيل جديد,اميرية,شكل غير منتظم,4,صخري
Jenin,city,0.2183,hectare,لا أعلم,,,,True,سكن ب,True,False,False,B,2020-10-14,96005.59,17.106,km,False,49.82,min,False,True,far,True,public,near,True,clinic,far,far,سهل,جنوب,تسجيل جديد,اميرية,شكل غير منتظم,0,طيني
Beit_Ummar,village,220.0,sqm,نعم,22,زفتة رئيسي,11,False,,True,False,True,B,2021-08-15,69049.43,15.102,km,False,0,m,False,True,far,False,,,True,hospital,far,none,جبل,غرب,طابو,اميرية,شبه مربعة,0,صخري
Hebron,city,191.0,sqm,لا أعلم,,,,True,سكن أ,False,True,False,B,2021-11-07,49411.89,23.26,km,False,12.09,m,False,False,,False,,,True,hospital,near,none,جبل,شمال,تسجيل جديد,ملك,مربعة,0,رملي
Jericho,city,0.1419,feddan,نعم,9,زفتة رئيسي,7,True,مركز تجاري ب,False,True,False,B,2021-01-23,15472.72,2.897,km,False,0,m,False,True,far,True,public,far,True,hospital,far,none,سهل,غرب,تسجيل جديد,ملك,مربعة,1,رملي
Beitunia,village,277.0,sqm,نعم,25,زفتة فرعي,10,False,,True,True,False,C,2025-02-28,30725.39,2.493,km,False,,,True,True,near,False,,,True,hospital,far,far,سهل,شرق,طابو,ملك,شبه مستطيلة,1,طمي
As_Samu,village,0.2256,hectare,لا أعلم,,,,True,مكاتب,True,True,True,C,2021-10-19,68973.93,23.192,km,False,43.95,km,False,True,near,True,public,far,True,hospital,far,none,منحدر,شرق,طابو,ملك,مستطيلة,4,طيني
Kafr_Qasem,village,0.274,donum,لا أعلم,,,,True,مركز تجاري ب,False,False,False,A,2024-03-13,74720.39,20.624,m,False,9.9,km,False,True,near,False,,,True,hospital,near,none,منحدر,غرب,مالية,اميرية,شبه مستطيلة,0,صخري
Ramallah,city,0.3812,hectare,نعم,8,ترابي,6,True,تجاري هامشي,False,True,True,A,2021-10-06,64104.94,7.234,km,False,4.92,km,False,False,,True,private,near,True,hospital,near,none,سهل,شرق,طابو,ملك,شبه مربعة,4,طيني
Jenin,city,0.1039,hectare,لا,,,,True,سكن ب,False,False,False,B,2022-07-23,30471.0,5.407,km,False,48.86,min,False,False,,True,private,far,True,clinic,near,none,سهل,غرب,تسجيل جديد,ملك,مربعة,3,طمي
Bethlehem,city,0.1219,feddan,لا أعلم,,,,True,مكاتب,True,True,True,C,2023-12-01,3579.77,12.119,km,False,14.2,min,False,True,far,True,private,far,True,clinic,far,none,منحدر,شمال,طابو,ملك,مستطيلة,2,رملي
Jenin,city,0.0645,hectare,نعم,4,ترابي,5,True,تجاري هامشي,False,True,False,B,2021-07-10,35809.42,26.13,m,False,48.12,m,False,True,far,False,,,True,clinic,near,far,جبل,جنوب,تسجيل جديد,ملك,مربعة,0,طيني
As_Samu,village,0.1464,hectare,نعم,24,زفتة فرعي,6,False,,False,True,False,C,2024-05-16,24117.58,3.435,km,False,8.67,km,False,True,near,True,public,far,False,,,far,منحدر,جنوب,تسجيل جديد,اميرية,موارس,4,صخري
Tulkarm,city,0.7343,feddan,نعم,16,ترابي,10,True,مركز تجاري ب,False,True,False,B,2024-10-19,48484.18,2.174,m,False,18.87,min,False,False,,False,,,True,clinic,near,none,سهل,شرق,طابو,اميرية,شكل غير منتظم,1,طيني
Beit_Sahour,village,1.665,donum,لا,,,,False,,True,False,True,A,2023-07-11,65413.89,4.707,km,False,11.41,m,False,False,,True,public,far,True,clinic,near,none,سهل,غرب,مالية,اميرية,مستطيلة,0,صخري
Nablus,city,861.0,sqm,لا,,,,False,,False,True,True,C,2022-08-31,56790.72,10.208,m,False,,,True,True,far,True,public,far,True,clinic,near,far,منحدر,شمال,تسجيل جديد,اميرية,شبه مستطيلة,0,طيني
Nablus,city,3847.0,sqm,لا,,,,True,مكاتب,True,True,False,A,2023-09-08,78108.26,24.75,km,False,,,True,False,,False,,,False,,,far,سهل,شمال,مالية,ملك,مربعة,1,رملي
Beitunia,village,1.684,donum,لا,,,,False,,True,False,True,C,2021-12-27,79528.57,,,True,,,True,True,far,True,private,far,True,clinic,near,far,سهل,شمال,تسجيل جديد,اميرية,شبه مربعة,0,رملي
Salfit_Village,village,0.1086,feddan,لا,,,,True,منطقة صناعية,True,True,False,A,2023-05-18,99561.96,,,True,28.01,km,False,False,,False,,,True,hospital,near,none,منحدر,شرق,طابو,ملك,شبه مربعة,3,صخري
Tulkarm,city,4788.0,sqm,لا,,,,False,,False,True,True,B,2020-11-19,57443.66,2.189,m,False,14.03,km,False,False,,False,,,True,clinic,near,none,سهل,غرب,تسجيل جديد,اميرية,شكل غير منتظم,4,طيني
Nablus,city,0.43,feddan,لا أعلم,,,,True,سكن ج,False,True,False,B,2022-12-04,77706.91,12.077,km,False,32.63,min,False,False,,True,private,near,True,clinic,near,far,سهل,شمال,مالية,ملك,شبه مستطيلة,2,طيني
Al-Bireh,city,4.616,donum,نعم,18,زفتة رئيسي,9,True,مكاتب,True,True,True,C,2021-11-04,66925.3,29.693,m,False,0,m,False,False,,False,,,False,,,none,سهل,شرق,طابو,اميرية,شبه مستطيلة,1,رملي
Deir_Al_Ghusun,village,0.7162,feddan,لا,,,,True,سكن ب,False,False,True,A,2022-04-22,23263.62,,,True,28.24,m,False,True,near,True,public,far,True,hospital,near,none,سهل,شمال,تسجيل جديد,اميرية,شكل غير منتظم,1,رملي
Kafr_Qasem,village,0.654,donum,لا أعلم,,,,False,,True,False,False,C,2021-09-25,70362.32,7.618,m,False,,,True,True,far,True,public,far,True,clinic,near,far,منحدر,جنوب,مالية,اميرية,مستطيلة,4,طيني
Hebron,city,3229.0,sqm,لا أعلم,,,,False,,False,False,True,B,2024-12-31,78982.32,7.348,m,False,,,True,True,near,True,public,far,True,clinic,far,none,جبل,غرب,طابو,اميرية,مربعة,2,صخري
Salfit_Village,village,0.3599,hectare,نعم,19,ترابي,11,True,منطقة صناعية,True,True,True,A,2020-06-02,9148.91,2.354,m,False,49.71,m,False,False,,False,,,False,,,far,سهل,شمال,مالية,ملك,مستطيلة,2,طمي
Salfit_Village,village,1926.0,sqm,لا,,,,True,تجاري هامشي,True,True,False,A,2020-12-31,70955.7,,,True,15.01,min,False,True,far,False,,,False,,,none,سهل,شمال,تسجيل جديد,اميرية,موارس,4,طيني
Bethlehem,city,2317.0,sqm,لا,,,,True,سكن ج,False,True,False,A,2020-12-26,7054.9,8.34,km,False,34.8,km,False,False,,True,public,near,True,hospital,far,none,جبل,شرق,مالية,اميرية,مربعة,4,طمي
Salfit_Village,village,1.511,donum,لا أعلم,,,,False,,False,True,False,B,2022-12-31,83256.95,8.034,km,False,8.2,km,False,False,,True,public,near,True,clinic,near,far,جبل,غرب,مالية,اميرية,شبه مستطيلة,4,رملي
Kafr_Qasem,village,4925.0,sqm,لا أعلم,,,,False,,True,False,True,B,2023-05-12,82305.64,20.498,km,False,25.8,km,False,False,,True,public,near,True,hospital,near,far,جبل,شمال,تسجيل جديد,ملك,شكل غير منتظم,1,طيني
Jericho,city,0.9412,feddan,لا,,,,False,,False,False,False,A,2022-01-04,70393.0,,,True,31.79,m,False,False,,True,private,near,False,,,none,سهل,شمال,طابو,ملك,مربعة,0,طمي
Tulkarm,city,0.5879,feddan,نعم,4,زفتة فرعي,9,False,,False,False,True,A,2021-07-10,19840.44,12.893,m,False,48.1,km,False,False,,False,,,True,clinic,near,none,سهل,شرق,تسجيل جديد,اميرية,شبه مستطيلة,2,رملي
Bethlehem,city,0.9874,feddan,نعم,26,ترابي,3,True,تجاري هامشي,False,True,True,B,2022-04-15,32720.75,0.554,km,False,,,True,False,,False,,,True,clinic,near,none,منحدر,جنوب,طابو,ملك,موارس,3,طمي
Beit_Ummar,village,1.0517,feddan,لا,,,,False,,True,True,False,A,2021-07-07,93236.56,,,True,15.15,km,False,False,,True,public,far,True,clinic,near,far,منحدر,جنوب,تسجيل جديد,اميرية,مستطيلة,0,صخري
Salfit,city,2.65,donum,لا أعلم,,,,False,,True,False,True,A,2022-03-17,87355.05,,,True,1.73,km,False,False,,True,private,far,False,,,far,منحدر,جنوب,مالية,اميرية,شكل غير منتظم,3,رملي
Qalqilya,city,2618.0,sqm,لا,,,,True,منطقة صناعية,True,False,False,A,2021-03-26,24401.57,19.582,m,False,,,True,True,near,False,,,False,,,far,منحدر,جنوب,تسجيل جديد,اميرية,شبه مستطيلة,3,صخري
Beit_Sahour,village,2305.0,sqm,نعم,7,زفتة رئيسي,11,False,,False,True,True,B,2023-11-26,62495.02,25.063,m,False,0,m,False,False,,True,private,near,False,,,far,جبل,غرب,تسجيل جديد,اميرية,موارس,1,صخري
Jenin,city,1.0252,feddan,نعم,20,زفتة رئيسي,12,False,,True,True,True,A,2023-03-09,97655.2,,,True,0,m,False,True,near,False,,,True,clinic,far,none,سهل,شرق,مالية,اميرية,شبه مستطيلة,3,طيني
Beitunia,village,3.521,donum,لا,,,,False,,True,True,True,A,2022-10-30,36658.88,24.628,m,False,,,True,False,,False,,,False,,,none,منحدر,شمال,طابو,ملك,مستطيلة,0,طمي
Hebron,city,0.1884,hectare,نعم,16,ترابي,12,True,سكن ج,True,False,True,B,2022-06-23,77120.54,,,True,,,True,True,near,True,public,near,True,hospital,near,far,جبل,غرب,مالية,ملك,شكل غير منتظم,4,صخري
Tulkarm,city,0.1399,hectare,نعم,3,زفتة فرعي,9,False,,True,False,False,A,2023-12-11,18341.72,,,True,,,True,True,near,False,,,True,hospital,far,none,جبل,شرق,طابو,ملك,مربعة,0,طيني
Hebron,city,2352.0,sqm,لا,,,,True,تجاري هامشي,True,False,False,A,2022-12-01,56567.26,26.835,km,False,,,True,True,near,True,private,near,False,,,none,جبل,غرب,تسجيل جديد,ملك,شبه مربعة,3,رملي
Al-Bireh,city,0.1484,hectare,نعم,8,زفتة فرعي,10,True,منطقة صناعية,False,True,False,B,2023-12-18,80435.44,,,True,33.35,km,False,False,,True,private,far,True,clinic,far,none,جبل,جنوب,طابو,ملك,شبه مستطيلة,0,صخري
Deir_Al_Ghusun,village,2.857,donum,لا أعلم,,,,True,مكاتب,False,False,True,A,2023-01-13,15866.17,22.492,km,False,,,True,False,,False,,,False,,,none,سهل,غرب,مالية,ملك,شبه مستطيلة,4,صخري
Qalqilya,city,2707.0,sqm,لا أعلم,,,,False,,False,True,False,A,2022-03-12,62512.18,,,True,,,True,True,far,True,private,near,False,,,far,سهل,غرب,طابو,ملك,موارس,1,طمي
Jericho,city,0.2275,hectare,لا أعلم,,,,True,سكن أ,False,True,True,B,2023-10-01,51659.5,7.782,km,False,,,True,False,,True,public,near,True,hospital,near,none,سهل,غرب,تسجيل جديد,ملك,مستطيلة,2,طيني
As_Samu,village,3.546,donum,لا أعلم,,,,False,,False,False,False,B,2024-08-24,72755.96,,,True,2.34,min,False,True,near,True,private,near,False,,,none,منحدر,شمال,تسجيل جديد,ملك,شكل غير منتظم,0,طيني
Jericho,city,2556.0,sqm,لا أعلم,,,,True,سكن ج,False,False,True,C,2021-02-26,80008.91,29.428,m,False,46.53,m,False,False,,False,,,True,hospital,far,none,منحدر,غرب,طابو,ملك,مربعة,2,رملي
Jenin,city,2.029,donum,لا أعلم,,,,True,منطقة صناعية,False,True,False,B,2021-07-01,28651.64,2.781,m,False,32.55,km,False,False,,False,,,True,clinic,far,far,منحدر,جنوب,طابو,اميرية,شكل غير منتظم,0,رملي
Salfit,city,2.658,donum,لا,,,,False,,False,False,True,C,2020-11-23,46898.34,,,True,45.61,km,False,True,near,False,,,False,,,none,سهل,شمال,طابو,اميرية,موارس,4,صخري
Qalqilya,city,0.94,donum,نعم,22,زفتة رئيسي,12,True,سكن ج,True,False,True,A,2022-08-21,13687.08,10.368,m,False,0,m,False,False,,True,public,near,True,hospital,near,none,منحدر,شرق,طابو,ملك,شبه مربعة,3,رملي
Hebron,city,1.433,donum,نعم,23,زفتة رئيسي,5,False,,False,False,True,B,2025-01-13,12209.18,,,True,0,m,False,True,far,False,,,True,clinic,near,none,منحدر,شمال,مالية,اميرية,مستطيلة,4,طيني
Tulkarm,city,0.0239,hectare,لا أعلم,,,,False,,True,False,True,A,2023-12-22,34359.41,24.969,km,False,47.09,km,False,True,far,False,,,True,clinic,near,far,منحدر,جنوب,طابو,اميرية,موارس,4,طمي
Salfit_Village,village,1461.0,sqm,نعم,24,زفتة رئيسي,5,False,,True,True,False,A,2023-05-07,21605.78,24.631,km,False,0,m,False,False,,False,,,True,clinic,near,far,منحدر,شمال,طابو,اميرية,مستطيلة,4,طمي
Al-Bireh,city,0.0115,hectare,لا,,,,False,,True,False,True,B,2023-02-03,22014.39,,,True,,,True,False,,True,public,near,False,,,far,جبل,جنوب,مالية,اميرية,شبه مربعة,2,صخري
Qalqilya,city,0.2322,hectare,نعم,30,زفتة رئيسي,10,True,منطقة صناعية,True,False,False,B,2020-07-06,33838.8,,,True,0,m,False,False,,True,private,near,False,,,none,منحدر,شمال,تسجيل جديد,ملك,شكل غير منتظم,0,صخري
Salfit_Village,village,1.0271,feddan,لا أعلم,,,,False,,True,False,False,C,2023-03-11,14360.87,,,True,33.1,min,False,True,far,True,private,far,True,hospital,near,far,سهل,جنوب,طابو,ملك,شبه مستطيلة,1,طيني
Anabta,village,0.3639,hectare,لا أعلم,,,,True,مركز تجاري ب,True,True,True,C,2022-12-20,64420.81,,,True,11.57,km,False,True,near,True,private,far,True,clinic,far,none,منحدر,شمال,تسجيل جديد,اميرية,شكل غير منتظم,4,طيني
As_Samu,village,0.0438,feddan,لا,,,,False,,True,False,False,C,2021-10-01,80796.77,,,True,18.29,min,False,True,far,False,,,True,hospital,near,far,سهل,غرب,تسجيل جديد,اميرية,مستطيلة,4,طمي
As_Samu,village,0.449,donum,لا أعلم,,,,False,,False,True,False,C,2025-07-16,22828.62,16.026,km,False,,,True,False,,False,,,False,,,far,سهل,جنوب,طابو,ملك,شكل غير منتظم,3,طمي
Al-Bireh,city,0.3409,hectare,لا,,,,True,مكاتب,True,False,False,C,2020-12-13,62675.57,10.837,m,False,25.53,m,False,False,,False,,,True,hospital,far,far,جبل,غرب,طابو,اميرية,شبه مستطيلة,0,طيني
Nablus,city,4514.0,sqm,لا,,,,False,,True,False,True,C,2024-03-22,58394.95,,,True,31.53,m,False,False,,False,,,True,hospital,far,none,جبل,جنوب,تسجيل جديد,اميرية,مربعة,0,رملي
Salfit_Village,village,2624.0,sqm,لا,,,,True,سكن ج,True,False,False,A,2023-04-13,86192.06,26.719,km,False,,,True,False,,False,,,False,,,far,جبل,شمال,تسجيل جديد,ملك,شكل غير منتظم,3,صخري
Nablus,city,1775.0,sqm,لا أعلم,,,,True,تجاري هامشي,False,False,True,B,2024-12-25,54627.78,,,True,15.72,min,False,True,near,False,,,True,clinic,far,far,منحدر,غرب,مالية,اميرية,شكل غير منتظم,2,رملي
Beitunia,village,3.482,donum,لا,,,,True,سكن ب,True,True,False,C,2021-10-05,32870.64,,,True,43.96,km,False,True,near,True,private,near,False,,,none,سهل,شمال,طابو,ملك,مستطيلة,2,رملي
Beitunia,village,0.1511,hectare,لا,,,,True,مركز تجاري ب,False,True,True,A,2021-03-06,64566.63,13.029,km,False,,,True,True,near,False,,,True,hospital,near,far,منحدر,غرب,مالية,ملك,شبه مربعة,1,طمي
Bethlehem,city,1.0098,feddan,لا,,,,True,سكن أ,True,False,False,B,2020-12-09,7866.97,27.655,km,False,,,True,True,far,True,private,near,True,clinic,near,none,منحدر,جنوب,طابو,ملك,شكل غير منتظم,1,رملي
Ain_Yabrud,village,2985.0,sqm,لا,,,,False,,True,False,False,C,2024-12-06,12906.11,,,True,,,True,False,,True,private,near,True,clinic,near,far,جبل,شمال,تسجيل جديد,ملك,مربعة,3,صخري
Anabta,village,0.0749,hectare,لا,,,,False,,True,False,True,A,2024-03-17,9061.05,26.745,m,False,19.55,min,False,False,,True,public,far,True,clinic,near,far,منحدر,غرب,مالية,ملك,مستطيلة,2,رملي
Nablus,city,222.0,sqm,نعم,19,زفتة رئيسي,11,True,منطقة صناعية,False,False,False,B,2021-01-05,42859.16,22.603,m,False,0,m,False,False,,False,,,False,,,far,منحدر,شرق,مالية,ملك,شكل غير منتظم,0,طمي
Jenin,city,4177.0,sqm,لا أعلم,,,,True,تجاري هامشي,True,True,True,C,2022-04-03,54312.18,7.826,m,False,47.02,m,False,True,near,True,private,near,False,,,far,منحدر,شرق,مالية,اميرية,موارس,2,طيني
Salfit,city,0.4516,hectare,نعم,28,ترابي,3,True,تجاري هامشي,False,False,True,A,2025-05-26,97611.58,25.446,km,False,,,True,True,near,True,public,far,True,hospital,far,far,منحدر,شرق,تسجيل جديد,اميرية,مربعة,1,طمي
Beit_Sahour,village,0.604,donum,لا,,,,True,مركز تجاري ب,False,True,True,A,2025-02-13,77308.18,19.864,m,False,27.85,km,False,True,near,True,private,far,True,clinic,far,none,سهل,شمال,مالية,اميرية,مستطيلة,3,صخري
Jenin,city,0.3493,feddan,نعم,9,زفتة فرعي,10,False,,False,True,True,B,2024-05-27,4059.4,5.615,km,False,26.0,km,False,False,,True,private,far,False,,,none,جبل,شرق,طابو,اميرية,شكل غير منتظم,0,طمي
Beit_Ummar,village,1.1176,feddan,نعم,6,زفتة رئيسي,6,True,سكن ج,True,True,False,B,2025-06-18,81064.13,,,True,0,m,False,False,,True,public,near,True,hospital,far,far,جبل,شرق,مالية,اميرية,شبه مستطيلة,4,طمي
Ain_Yabrud,village,3824.0,sqm,نعم,6,ترابي,3,False,,True,False,True,A,2020-11-30,10671.0,,,True,11.05,km,False,True,far,False,,,True,clinic,far,none,جبل,شرق,تسجيل جديد,اميرية,شبه مربعة,3,رملي
Beit_Sahour,village,1037.0,sqm,نعم,28,ترابي,9,False,,False,False,True,A,2023-04-23,9903.76,,,True,4.31,min,False,True,far,False,,,True,clinic,near,none,منحدر,شمال,تسجيل جديد,اميرية,موارس,1,رملي
Jenin,city,4.01,donum,لا أعلم,,,,True,تجاري هامشي,True,False,True,C,2024-03-10,19558.74,15.071,km,False,6.18,m,False,True,near,False,,,False,,,none,سهل,جنوب,تسجيل جديد,ملك,مربعة,1,طيني
Ain_Yabrud,village,0.1671,feddan,لا,,,,True,مركز تجاري ب,True,True,True,C,2021-12-08,37620.2,8.494,km,False,34.23,km,False,False,,False,,,True,clinic,near,far,سهل,غرب,تسجيل جديد,ملك,مربعة,0,صخري
As_Samu,village,2.717,donum,لا,,,,False,,False,True,True,C,2024-09-07,42775.4,20.128,km,False,,,True,False,,False,,,False,,,far,منحدر,جنوب,طابو,اميرية,شبه مستطيلة,2,صخري
Salfit,city,0.4841,hectare,نعم,8,زفتة فرعي,12,False,,True,False,False,B,2022-09-02,28541.0,2.514,km,False,14.67,km,False,False,,False,,,True,clinic,far,far,جبل,شمال,طابو,اميرية,شكل غير منتظم,4,رملي
Salfit_Village,village,0.1858,hectare,لا أعلم,,,,False,,False,False,True,C,2024-03-31,48657.86,19.142,m,False,7.76,min,False,False,,True,public,near,True,clinic,far,far,منحدر,غرب,تسجيل جديد,ملك,موارس,1,طمي
Beit_Sahour,village,2.953,donum,لا أعلم,,,,True,منطقة صناعية,False,False,False,C,2022-04-22,78818.63,25.784,km,False,31.43,km,False,True,near,True,public,far,True,clinic,far,far,منحدر,جنوب,مالية,ملك,موارس,1,رملي
Al-Bireh,city,3825.0,sqm,نعم,4,زفتة فرعي,7,False,,True,True,False,C,2022-10-02,35425.35,17.437,km,False,16.91,m,False,False,,True,private,near,True,clinic,near,none,سهل,شرق,تسجيل جديد,اميرية,موارس,3,رملي
Beitunia,village,1.1826,feddan,لا أعلم,,,,False,,False,True,False,B,2021-09-22,55958.99,6.556,m,False,,,True,True,near,True,private,near,False,,,far,سهل,شرق,مالية,اميرية,شكل غير منتظم,4,طمي
Salfit_Village,village,0.8319,feddan,لا أعلم,,,,False,,False,True,False,B,2023-08-01,58698.55,,,True,45.2,min,False,False,,False,,,False,,,far,منحدر,شرق,مالية,اميرية,مستطيلة,2,طيني
Nablus,city,3.319,donum,نعم,25,زفتة رئيسي,8,False,,False,False,False,A,2021-05-21,60665.83,,,True,0,m,False,False,,False,,,True,hospital,far,far,سهل,شمال,طابو,اميرية,مربعة,0,طيني
Bethlehem,city,2.054,donum,لا,,,,True,تجاري هامشي,True,True,False,B,2023-03-01,27585.63,1.16,km,False,,,True,True,near,False,,,False,,,none,منحدر,شمال,تسجيل جديد,ملك,مستطيلة,0,طمي
Al-Bireh,city,4356.0,sqm,لا أعلم,,,,True,مركز تجاري ب,True,False,True,A,2022-08-16,17200.59,0.839,km,False,22.06,min,False,True,far,True,public,near,False,,,far,سهل,شمال,تسجيل جديد,ملك,مستطيلة,1,طمي
As_Samu,village,0.9081,feddan,نعم,22,زفتة فرعي,11,True,مكاتب,False,False,False,C,2020-08-24,86025.21,,,True,26.48,min,False,True,far,True,public,far,False,,,none,جبل,غرب,تسجيل جديد,اميرية,شكل غير منتظم,0,رملي
Tulkarm,city,1.963,donum,لا,,,,True,منطقة صناعية,False,True,False,B,2023-04-24,42307.27,,,True,32.9,m,False,True,near,False,,,True,hospital,far,far,منحدر,جنوب,مالية,ملك,شكل غير منتظم,3,طمي
Hebron,city,2.07,donum,لا,,,,True,سكن ج,False,False,False,C,2025-04-27,85149.99,,,True,1.14,km,False,False,,True,public,far,True,clinic,far,far,جبل,شرق,تسجيل جديد,ملك,شبه مربعة,2,طيني
Kafr_Qasem,village,0.9938,feddan,لا,,,,False,,False,True,False,A,2023-07-28,34847.43,24.061,m,False,32.24,km,False,False,,False,,,False,,,none,جبل,شمال,مالية,اميرية,موارس,3,طيني
Nablus,city,0.3871,feddan,لا أعلم,,,,True,سكن أ,True,True,True,B,2020-05-04,75463.07,,,True,9.56,km,False,False,,False,,,False,,,far,سهل,غرب,تسجيل جديد,ملك,موارس,0,طمي
Qalqilya,city,4.061,donum,لا أعلم,,,,True,مركز تجاري ب,True,True,False,A,2025-01-08,72749.01,29.843,m,False,13.71,min,False,True,near,False,,,True,clinic,near,far,جبل,شرق,طابو,اميرية,موارس,0,طيني
Jenin,city,1927.0,sqm,لا,,,,False,,True,True,True,B,2023-05-27,44531.05,7.932,m,False,,,True,True,near,True,private,far,True,hospital,near,none,منحدر,غرب,مالية,ملك,مربعة,1,طمي
Ramallah,city,3080.0,sqm,لا أعلم,,,,False,,False,True,False,B,2022-10-12,17651.73,16.786,m,False,37.44,km,False,True,far,True,public,far,False,,,none,منحدر,شرق,طابو,ملك,شكل غير منتظم,0,طمي
Ain_Yabrud,village,1.0752,feddan,لا,,,,False,,False,True,False,C,2021-04-25,72155.18,4.364,km,False,,,True,True,far,True,private,near,True,hospital,near,none,منحدر,شمال,مالية,اميرية,مستطيلة,1,طمي
Nablus,city,1.947,donum,لا أعلم,,,,False,,True,True,False,A,2021-03-15,62651.16,19.434,km,False,39.26,km,False,False,,False,,,True,clinic,near,far,جبل,شمال,مالية,ملك,مربعة,0,طيني
Ramallah,city,0.4086,hectare,نعم,21,زفتة رئيسي,9,True,منطقة صناعية,False,False,False,C,2024-08-31,4238.68,,,True,0,m,False,False,,False,,,False,,,none,منحدر,شرق,تسجيل جديد,ملك,شبه مربعة,2,صخري
Al-Bireh,city,0.8762,feddan,لا أعلم,,,,True,تجاري هامشي,True,True,True,A,2023-10-26,94027.18,17.125,m,False,,,True,False,,False,,,False,,,none,سهل,شرق,مالية,اميرية,موارس,0,طيني
Salfit,city,0.525,donum,لا أعلم,,,,True,مركز تجاري ب,True,False,False,A,2023-01-21,15376.55,3.496,m,False,26.62,m,False,False,,False,,,False,,,far,سهل,غرب,مالية,اميرية,مستطيلة,3,طمي
Kafr_Qasem,village,4.659,donum,لا أعلم,,,,True,مكاتب,True,False,True,C,2024-12-06,95360.83,12.233,km,False,,,True,True,far,False,,,False,,,far,منحدر,شرق,مالية,ملك,شبه مستطيلة,3,طمي
Hebron,city,1.0974,feddan,لا أعلم,,,,True,سكن ج,True,False,True,B,2023-10-15,48451.21,21.698,km,False,17.07,min,False,False,,True,private,far,False,,,far,منحدر,شمال,مالية,ملك,شبه مربعة,0,طمي
As_Samu,village,0.026,hectare,لا أعلم,,,,True,سكن ج,True,False,True,A,2025-02-22,2261.5,,,True,22.8,km,False,True,near,True,private,far,True,hospital,far,none,جبل,جنوب,طابو,اميرية,شكل غير منتظم,0,رملي
Al-Bireh,city,0.2762,feddan,نعم,24,ترابي,11,False,,False,False,True,B,2023-11-21,64792.79,1.202,km,False,29.38,min,False,False,,False,,,False,,,far,جبل,جنوب,مالية,اميرية,موارس,2,رملي
Bethlehem,city,0.7267,feddan,لا,,,,True,سكن ب,True,False,True,B,2025-03-14,5096.72,23.101,km,False,23.56,m,False,False,,False,,,False,,,far,جبل,جنوب,طابو,ملك,مربعة,1,رملي
Al-Bireh,city,3437.0,sqm,لا أعلم,,,,False,,True,True,True,C,2024-10-15,70893.76,24.265,km,False,28.05,m,False,True,far,True,private,near,True,clinic,far,none,جبل,شمال,مالية,اميرية,شبه مستطيلة,1,طيني
Jericho,city,4686.0,sqm,لا,,,,True,سكن ج,False,True,False,A,2023-11-11,31039.32,9.06,m,False,,,True,True,far,True,private,near,False,,,none,منحدر,جنوب,مالية,اميرية,شبه مستطيلة,4,طيني
Hebron,city,0.2384,hectare,لا,,,,True,سكن ب,False,False,False,C,2024-11-14,72566.63,11.381,km,False,26.32,km,False,False,,True,private,far,False,,,none,منحدر,غرب,مالية,اميرية,مستطيلة,0,طيني
Hebron,city,2.245,donum,لا أعلم,,,,False,,True,True,True,B,2023-01-11,21109.28,26.951,m,False,48.43,km,False,True,near,False,,,True,clinic,near,none,منحدر,شرق,طابو,اميرية,مستطيلة,4,طيني
Anabta,village,4257.0,sqm,لا أعلم,,,,False,,False,True,True,B,2023-12-21,38741.83,,,True,,,True,True,near,False,,,False,,,far,سهل,شرق,مالية,ملك,شبه مربعة,4,طمي
Ain_Yabrud,village,3.694,donum,لا أعلم,,,,True,منطقة صناعية,True,False,False,A,2021-08-17,31055.11,,,True,,,True,False,,False,,,True,hospital,far,none,جبل,شرق,تسجيل جديد,اميرية,موارس,4,رملي
Deir_Al_Ghusun,village,0.2817,feddan,لا,,,,False,,False,True,True,C,2023-05-20,79525.54,17.313,m,False,30.97,min,False,True,near,False,,,False,,,far,منحدر,غرب,طابو,ملك,شكل غير منتظم,2,طيني
Ramallah,city,1.1536,feddan,لا,,,,True,سكن أ,False,False,True,B,2021-06-01,26265.37,0.559,m,False,,,True,False,,False,,,True,clinic,near,none,جبل,غرب,تسجيل جديد,ملك,مربعة,0,صخري
Jericho,city,0.2167,hectare,نعم,25,ترابي,11,True,منطقة صناعية,True,True,False,B,2020-08-02,9114.7,0.812,m,False,23.02,km,False,False,,True,public,far,True,hospital,near,none,منحدر,شمال,طابو,اميرية,شبه مستطيلة,0,رملي
Tulkarm,city,4812.0,sqm,لا أعلم,,,,True,تجاري هامشي,False,False,False,A,2025-02-10,54024.65,,,True,16.48,km,False,False,,False,,,True,hospital,near,far,منحدر,جنوب,تسجيل جديد,اميرية,مربعة,0,صخري
Anabta,village,0.1648,feddan,نعم,14,ترابي,9,True,مركز تجاري ب,False,True,True,C,2021-10-03,64032.31,3.648,km,False,,,True,False,,False,,,False,,,none,منحدر,شرق,طابو,ملك,موارس,4,صخري
Nablus,city,378.0,sqm,لا أعلم,,,,True,سكن ج,True,True,False,C,2023-11-26,70001.47,11.998,m,False,34.27,m,False,False,,False,,,True,hospital,near,none,منحدر,شرق,تسجيل جديد,اميرية,شبه مستطيلة,0,طيني
Salfit,city,3305.0,sqm,نعم,12,ترابي,8,False,,True,True,False,A,2020-12-01,91963.23,,,True,19.1,m,False,False,,True,private,near,True,hospital,far,far,سهل,غرب,مالية,اميرية,مستطيلة,0,رملي
Jenin,city,0.4315,hectare,لا أعلم,,,,True,منطقة صناعية,True,True,True,C,2020-10-18,87692.13,,,True,36.7,km,False,True,near,True,private,near,False,,,far,جبل,شرق,مالية,اميرية,مربعة,0,طيني
Kafr_Qasem,village,0.3364,feddan,نعم,23,ترابي,10,True,سكن ب,False,False,True,C,2022-06-17,66033.25,24.867,m,False,7.28,min,False,True,far,True,public,near,True,clinic,near,far,منحدر,شمال,تسجيل جديد,اميرية,شبه مستطيلة,4,طيني
Nablus,city,0.1118,hectare,لا أعلم,,,,True,سكن ج,True,True,False,C,2020-10-14,92852.41,20.885,m,False,12.89,min,False,False,,True,public,far,True,clinic,near,far,منحدر,جنوب,مالية,ملك,شبه مربعة,1,طيني
Salfit,city,0.8271,feddan,نعم,27,زفتة فرعي,8,True,تجاري هامشي,True,False,True,C,2023-06-09,96416.38,24.074,km,False,30.18,km,False,False,,False,,,False,,,far,منحدر,جنوب,تسجيل جديد,ملك,شبه مستطيلة,0,طيني
Beitunia,village,0.9024,feddan,لا,,,,False,,False,False,True,B,2023-01-30,75044.32,,,True,43.63,m,False,False,,True,private,far,False,,,far,منحدر,جنوب,طابو,ملك,شكل غير منتظم,2,صخري
Hebron,city,4102.0,sqm,لا أعلم,,,,True,مكاتب,True,True,True,A,2022-04-29,60998.0,10.536,m,False,44.47,m,False,False,,True,public,far,False,,,none,سهل,شمال,مالية,اميرية,مستطيلة,3,طمي
Salfit_Village,village,0.1663,hectare,نعم,30,ترابي,9,True,سكن ب,True,False,False,C,2021-03-28,53064.47,17.745,km,False,0.49,min,False,False,,False,,,True,hospital,far,none,منحدر,جنوب,تسجيل جديد,ملك,شبه مربعة,1,طيني
Bethlehem,city,1371.0,sqm,نعم,14,زفتة رئيسي,9,True,سكن ب,False,False,False,C,2021-01-16,77582.8,11.427,m,False,0,m,False,True,near,True,private,far,True,hospital,far,far,سهل,جنوب,تسجيل جديد,ملك,مستطيلة,0,طيني
Tulkarm,city,3121.0,sqm,نعم,10,ترابي,5,True,منطقة صناعية,True,False,False,C,2024-06-28,53012.49,,,True,,,True,True,far,True,public,far,True,clinic,far,far,جبل,غرب,طابو,اميرية,مستطيلة,4,رملي
Bethlehem,city,0.3305,hectare,نعم,15,ترابي,10,False,,True,False,False,C,2021-10-17,10584.99,11.532,km,False,,,True,False,,False,,,True,clinic,near,far,منحدر,شمال,مالية,ملك,موارس,1,طمي
Nablus,city,244.0,sqm,لا,,,,True,تجاري هامشي,True,True,True,A,2021-09-14,78972.0,,,True,,,True,True,near,True,public,far,False,,,none,جبل,شرق,طابو,ملك,شبه مربعة,1,صخري
Hebron,city,2.918,donum,نعم,4,زفتة فرعي,7,True,منطقة صناعية,True,False,False,A,2025-06-28,97313.33,,,True,24.9,m,False,True,far,True,private,near,False,,,far,جبل,جنوب,طابو,اميرية,شبه مستطيلة,3,طمي
Tulkarm,city,3.747,donum,لا أعلم,,,,False,,True,False,False,C,2022-11-10,70065.85,18.78,km,False,49.73,min,False,False,,True,public,near,False,,,far,منحدر,غرب,طابو,ملك,مربعة,3,رملي
Bethlehem,city,0.964,feddan,لا,,,,False,,False,False,True,B,2021-03-17,71338.37,9.301,km,False,48.46,min,False,False,,True,private,near,True,hospital,far,far,جبل,جنوب,تسجيل جديد,ملك,شبه مستطيلة,1,طمي
Beit_Sahour,village,0.2277,hectare,لا,,,,True,سكن ج,True,True,False,B,2025-08-26,79994.3,,,True,18.74,m,False,True,near,False,,,True,hospital,far,far,سهل,غرب,طابو,ملك,موارس,3,صخري
Tulkarm,city,0.0279,feddan,لا أعلم,,,,False,,True,False,True,B,2022-03-30,96095.6,,,True,40.61,km,False,True,near,True,public,near,True,clinic,far,far,جبل,غرب,تسجيل جديد,ملك,شكل غير منتظم,2,طمي
Beitunia,village,0.9086,feddan,نعم,19,زفتة رئيسي,5,False,,True,True,False,A,2025-01-26,84955.07,,,True,0,m,False,True,far,True,public,near,False,,,none,منحدر,غرب,مالية,اميرية,شبه مستطيلة,0,طيني
Qalqilya,city,0.1468,hectare,لا أعلم,,,,True,تجاري هامشي,False,True,False,A,2023-08-26,88385.83,25.984,m,False,,,True,False,,True,private,far,True,hospital,far,far,جبل,شرق,مالية,ملك,موارس,4,صخري
Ramallah,city,0.0865,hectare,لا أعلم,,,,False,,True,True,True,C,2020-09-02,74554.64,,,True,48.76,m,False,True,near,False,,,False,,,none,سهل,شمال,مالية,ملك,شبه مستطيلة,3,طيني
Ain_Yabrud,village,3428.0,sqm,لا,,,,False,,False,True,False,B,2021-10-20,28861.48,19.648,m,False,,,True,True,near,True,private,far,False,,,none,منحدر,شمال,طابو,اميرية,موارس,3,رملي
Anabta,village,0.1305,hectare,لا,,,,False,,False,False,False,C,2021-04-29,37425.35,12.155,m,False,19.42,km,False,True,near,True,public,far,False,,,none,منحدر,غرب,تسجيل جديد,ملك,موارس,3,صخري
Bethlehem,city,1.0743,feddan,لا,,,,False,,True,False,False,B,2021-02-16,14776.71,28.822,km,False,35.43,min,False,False,,False,,,True,hospital,near,far,منحدر,شرق,تسجيل جديد,اميرية,شبه مربعة,3,طيني
Tulkarm,city,568.0,sqm,لا أعلم,,,,True,سكن ب,False,True,False,C,2025-08-27,18348.85,9.214,m,False,,,True,False,,True,public,near,True,clinic,near,far,منحدر,غرب,طابو,اميرية,مربعة,3,رملي
Salfit_Village,village,1.146,donum,لا أعلم,,,,True,سكن ب,True,False,False,C,2025-07-26,89933.29,20.092,m,False,,,True,True,far,True,private,near,True,clinic,far,none,سهل,جنوب,تسجيل جديد,اميرية,مربعة,3,صخري
Hebron,city,2.108,donum,لا أعلم,,,,False,,False,True,True,C,2022-07-01,54748.74,14.581,m,False,,,True,True,near,True,private,far,False,,,none,منحدر,شرق,تسجيل جديد,ملك,شبه مستطيلة,0,طيني
Tulkarm,city,488.0,sqm,نعم,7,ترابي,10,False,,True,True,False,B,2022-09-20,98296.09,,,True,,,True,False,,True,public,near,False,,,none,منحدر,شمال,مالية,ملك,شبه مربعة,3,طيني
Jericho,city,0.178,donum,لا,,,,True,سكن ج,True,True,True,C,2021-04-10,94874.94,11.627,m,False,,,True,True,far,False,,,True,hospital,far,far,سهل,جنوب,طابو,اميرية,موارس,0,صخري
Bethlehem,city,0.6667,feddan,نعم,27,زفتة رئيسي,11,False,,True,True,True,A,2020-10-09,94024.27,4.057,km,False,0,m,False,False,,False,,,False,,,far,منحدر,غرب,تسجيل جديد,ملك,شبه مستطيلة,3,طيني
Tulkarm,city,0.2317,hectare,لا أعلم,,,,True,مكاتب,True,False,True,A,2023-04-25,94287.4,,,True,37.9,km,False,False,,False,,,True,clinic,near,none,جبل,غرب,طابو,اميرية,مربعة,0,طيني
Ramallah,city,3421.0,sqm,لا,,,,False,,False,False,True,C,2024-08-15,91404.6,6.167,m,False,22.25,min,False,False,,True,private,far,True,clinic,far,none,جبل,جنوب,طابو,اميرية,شكل غير منتظم,0,صخري
Ain_Yabrud,village,347.0,sqm,لا أعلم,,,,True,سكن ب,False,True,True,A,2021-03-11,30772.42,15.13,km,False,49.58,min,False,False,,False,,,True,hospital,near,far,سهل,شمال,طابو,ملك,موارس,0,رملي
Ramallah,city,3.892,donum,لا أعلم,,,,False,,False,False,True,C,2021-01-21,46963.85,11.915,km,False,23.88,m,False,True,near,False,,,True,hospital,near,none,منحدر,غرب,تسجيل جديد,ملك,موارس,2,طيني
Anabta,village,1.0293,feddan,لا,,,,True,مركز تجاري ب,False,False,True,C,2023-10-22,35531.49,19.809,km,False,20.15,km,False,False,,False,,,True,hospital,far,far,منحدر,شمال,مالية,اميرية,شبه مستطيلة,3,طيني
Al-Bireh,city,0.1707,feddan,لا أعلم,,,,False,,False,True,False,C,2025-01-16,26223.75,18.183,m,False,13.81,min,False,False,,True,public,far,True,hospital,near,far,سهل,جنوب,تسجيل جديد,ملك,موارس,4,طمي
Deir_Al_Ghusun,village,1.187,donum,لا,,,,False,,True,True,True,A,2024-02-10,46093.61,19.931,km,False,,,True,True,near,True,private,far,True,hospital,near,none,جبل,شمال,تسجيل جديد,اميرية,شكل غير منتظم,4,صخري
Anabta,village,0.3924,feddan,نعم,23,زفتة رئيسي,6,True,سكن ج,True,True,False,A,2020-05-01,18526.76,2.476,km,False,0,m,False,True,near,True,public,far,True,clinic,near,far,سهل,شمال,طابو,ملك,مربعة,2,صخري
Jenin,city,0.4702,hectare,لا أعلم,,,,True,سكن أ,True,True,True,C,2020-07-11,90484.13,10.745,km,False,,,True,False,,False,,,False,,,none,منحدر,جنوب,تسجيل جديد,اميرية,شكل غير منتظم,2,صخري
Qalqilya,city,0.4617,feddan,نعم,16,ترابي,9,True,تجاري هامشي,True,False,True,C,2023-06-08,5191.76,17.039,km,False,6.09,km,False,True,far,False,,,False,,,far,سهل,جنوب,طابو,ملك,مستطيلة,1,رملي
Salfit,city,1.189,donum,لا,,,,True,مركز تجاري ب,False,False,True,B,2021-12-31,48265.67,,,True,13.45,m,False,False,,True,public,far,False,,,far,جبل,جنوب,طابو,اميرية,شكل غير منتظم,3,صخري
Salfit,city,932.0,sqm,لا,,,,True,مركز تجاري ب,True,True,False,C,2025-04-01,14314.5,26.722,km,False,6.11,km,False,False,,True,private,near,False,,,far,سهل,جنوب,تسجيل جديد,ملك,شكل غير منتظم,3,طمي
Nablus,city,4.451,donum,لا أعلم,,,,False,,False,True,True,C,2023-07-31,8262.14,4.612,m,False,,,True,False,,False,,,True,hospital,near,far,سهل,غرب,تسجيل جديد,ملك,موارس,4,طيني
Jericho,city,1415.0,sqm,نعم,29,زفتة فرعي,9,True,تجاري هامشي,False,False,False,B,2023-01-23,34090.8,25.621,km,False,,,True,True,near,False,,,True,clinic,far,far,سهل,شمال,طابو,ملك,شبه مربعة,0,رملي
Al-Bireh,city,1.1798,feddan,لا أعلم,,,,True,مكاتب,False,True,True,C,2024-11-14,72311.74,,,True,,,True,True,far,False,,,True,clinic,near,none,سهل,شرق,طابو,اميرية,مستطيلة,3,طمي
Tulkarm,city,0.1883,hectare,لا أعلم,,,,True,سكن ب,False,True,False,B,2023-07-28,61169.63,23.238,km,False,38.68,min,False,False,,True,public,near,False,,,none,سهل,جنوب,طابو,ملك,شكل غير منتظم,4,رملي
Al-Bireh,city,0.4664,feddan,نعم,20,زفتة فرعي,4,True,سكن ج,False,True,True,B,2023-10-18,19607.8,5.654,km,False,31.38,m,False,True,near,True,private,near,True,clinic,far,none,سهل,غرب,تسجيل جديد,اميرية,شكل غير منتظم,4,رملي
Jericho,city,4.216,donum,لا أعلم,,,,False,,False,True,False,A,2023-09-14,21721.02,22.495,m,False,27.38,min,False,False,,True,public,near,True,hospital,far,far,سهل,شرق,مالية,اميرية,شكل غير منتظم,1,طمي
Salfit,city,0.1376,hectare,نعم,25,زفتة فرعي,4,True,تجاري هامشي,False,False,False,B,2021-11-14,80090.44,23.167,km,False,29.36,km,False,True,near,False,,,False,,,none,منحدر,شرق,طابو,ملك,موارس,0,صخري
Deir_Al_Ghusun,village,4422.0,sqm,لا أعلم,,,,True,منطقة صناعية,False,True,True,A,2023-12-15,78359.71,1.038,km,False,1.55,km,False,False,,False,,,True,clinic,far,far,جبل,شمال,طابو,اميرية,شكل غير منتظم,4,طمي
Bethlehem,city,0.0655,hectare,لا أعلم,,,,False,,False,True,True,A,2020-05-18,71152.01,16.519,m,False,7.0,min,False,True,far,True,public,far,False,,,none,سهل,جنوب,تسجيل جديد,اميرية,شبه مربعة,4,طيني
Jenin,city,0.88,donum,لا أعلم,,,,False,,False,False,False,B,2022-07-01,46377.64,16.817,m,False,29.33,km,False,True,near,True,private,near,False,,,none,جبل,شمال,طابو,ملك,شكل غير منتظم,1,طمي
Salfit,city,3628.0,sqm,لا أعلم,,,,False,,False,True,True,B,2025-01-27,26509.45,23.116,m,False,,,True,True,near,True,private,near,False,,,far,منحدر,شرق,تسجيل جديد,اميرية,شبه مربعة,4,طمي
Deir_Al_Ghusun,village,1.075,feddan,لا,,,,True,منطقة صناعية,True,False,False,A,2020-09-06,99322.53,,,True,,,True,True,far,True,private,near,True,hospital,far,far,منحدر,شمال,تسجيل جديد,ملك,موارس,1,طيني
Nablus,city,0.1332,hectare,نعم,29,ترابي,11,True,سكن أ,False,False,True,A,2022-08-09,32736.17,18.741,km,False,,,True,True,near,False,,,True,clinic,far,far,جبل,غرب,تسجيل جديد,ملك,مستطيلة,0,طمي
Ramallah,city,4.744,donum,لا أعلم,,,,False,,False,False,False,A,2022-10-14,22878.99,11.674,m,False,,,True,False,,False,,,False,,,far,منحدر,شمال,تسجيل جديد,اميرية,شكل غير منتظم,2,طمي
Jenin,city,0.22,feddan,لا,,,,False,,False,False,True,A,2022-09-21,62976.79,0.478,m,False,,,True,True,far,False,,,True,clinic,near,none,منحدر,جنوب,طابو,اميرية,شبه مستطيلة,2,صخري
Ain_Yabrud,village,0.4679,hectare,لا,,,,False,,False,False,False,A,2023-05-02,61234.25,,,True,38.45,km,False,False,,True,private,near,True,hospital,far,none,سهل,جنوب,طابو,ملك,شبه مستطيلة,3,طيني
Beit_Sahour,village,3.153,donum,نعم,22,زفتة رئيسي,12,True,سكن ب,False,True,True,A,2024-06-03,2263.06,15.04,m,False,0,m,False,False,,False,,,False,,,far,سهل,غرب,طابو,ملك,شبه مستطيلة,2,رملي
Nablus,city,0.3908,hectare,نعم,23,زفتة فرعي,4,True,سكن أ,False,False,True,B,2022-05-10,19542.28,11.154,km,False,23.6,km,False,True,near,False,,,False,,,far,سهل,جنوب,مالية,ملك,مستطيلة,1,طمي
Ain_Yabrud,village,0.7093,feddan,نعم,29,زفتة رئيسي,8,False,,False,False,True,C,2023-08-14,37655.91,25.576,m,False,0,m,False,True,near,True,public,near,True,clinic,far,none,منحدر,غرب,تسجيل جديد,اميرية,شبه مستطيلة,2,طمي
Ramallah,city,4345.0,sqm,لا,,,,True,سكن أ,False,True,False,B,2022-03-15,54186.21,4.678,m,False,39.46,min,False,False,,False,,,True,hospital,far,far,جبل,شرق,مالية,ملك,شكل غير منتظم,2,طيني
